{"data": [{"source": "Twitter for Android", "id": "1432427092269015046", "author_id": "1227701389599657985", "text": "So think Jaypaul fans would still go ahead to vote for someone who denounced their fave. Awon werey\ud83d\ude02\ud83d\ude02\ud83d\ude02 #Bbnaija", "public_metrics": {"retweet_count": 1, "reply_count": 1, "like_count": 1, "quote_count": 0}}], "includes": {"users": [{"id": "1227701389599657985", "verified": false, "name": "Luigi for WM-SAGA\ud83d\udca1", "username": "TundeVorm"}]}}