{"data": [{"text": "Selling Emerson is a bad deal but replacing him with Bellerin is 200x worse. You are replacing a footballer with a model that plays football on the side. Don't do it Barcelona.", "public_metrics": {"retweet_count": 0, "reply_count": 0, "like_count": 0, "quote_count": 1}, "id": "1432423539697766401", "source": "Twitter for Android", "author_id": "1330510956556849164"}], "includes": {"users": [{"verified": false, "name": "Rohit", "id": "1330510956556849164", "username": "r_hxt_"}]}}