{"data": [{"text": "War is about to happen. The pieces are being forced to move now because time is of essence. It is between the darkness &amp; the light. #RoshHashanah #Israel #Jerusalem #Messiah #Moses #Elijah #God #Jesus #Iran #Russia #China #Hamas #Hezbollah #Syria #Damascus #Gaza #Palestine", "public_metrics": {"retweet_count": 0, "reply_count": 0, "like_count": 0, "quote_count": 0}, "source": "Twitter Web App", "id": "1432433715058257923", "author_id": "378642778"}], "includes": {"users": [{"verified": false, "username": "31Meadows", "name": "31Meadows", "id": "378642778"}]}}