{"data": [{"text": "Hey, do you ever even try to do anything on your own? You've got another thing coming if you think someone will save your butt all the time. First off, you rely on Momoko WAY too much. Why don't you ever rely on... well, y'know... me...", "source": "Cheap Bots, Done Quick!", "author_id": "1317299563087208448", "id": "1433049065609121794", "public_metrics": {"retweet_count": 0, "reply_count": 0, "like_count": 0, "quote_count": 0}}], "includes": {"users": [{"verified": false, "id": "1317299563087208448", "name": "painful magireco quotes", "username": "painfulmagireco"}]}}