{"data": [{"public_metrics": {"retweet_count": 2, "reply_count": 1, "like_count": 1, "quote_count": 0}, "source": "Twitter for Android", "id": "1437049496303808515", "author_id": "1370043151793131523", "created_at": "2021-09-12T13:44:33.000Z", "text": "The bodies are evidence of genocide. Tigrayans are victims of unimaginable atrocities. Amhara militia &amp; Eritrean troops are acting with total impunity &amp; it is all occurring under the nose of the int\u2019l community. #NothingToCelebrate @StateDept @SecBlinkenhttps://reut.rs/2X1gbo8"}], "includes": {"users": [{"name": "senu\ud83d\udc9b\u2764", "id": "1370043151793131523", "verified": false, "username": "senaitsen"}]}}