{"data": [{"created_at": "2021-09-12T13:44:36.000Z", "text": "Damn!!! #ItalianGP", "id": "1437049508869836806", "public_metrics": {"retweet_count": 0, "reply_count": 0, "like_count": 2, "quote_count": 0}, "source": "Twitter for Android", "author_id": "2257105108"}], "includes": {"users": [{"name": "\ud83d\udd25Ajax\ud83c\uddf3\ud83c\uddf1\ud83d\udd25\ud83c\uddf3\ud83c\uddf1Harrie\ud83c\uddf3\ud83c\uddf1\ud83d\udd25\u274c\u274c\u274c\ud83d\udd25", "verified": false, "username": "BoschHarrie", "id": "2257105108"}]}}