{"data": [{"text": "i'm in the bathroom and there's a girl looking in the mirror and right in front of the stall door go away i'm in here :( !!!!!!!!", "created_at": "2021-09-17T15:35:01.000Z", "public_metrics": {"retweet_count": 0, "reply_count": 0, "like_count": 0, "quote_count": 0}, "author_id": "1051941534659215360", "source": "Twitter for iPhone", "id": "1438889235482701825"}], "includes": {"users": [{"name": "\u2661 haz \u2661 kinnie arc \ud83d\ude26 \u2661", "username": "twewygender", "id": "1051941534659215360", "verified": false}]}}