{"data": [{"source": "Twitter for iPhone", "author_id": "872894149267046400", "id": "1438889235482910728", "created_at": "2021-09-17T15:35:01.000Z", "public_metrics": {"retweet_count": 0, "reply_count": 0, "like_count": 0, "quote_count": 0}, "text": "Tbh I don\u2019t like women of this generation. I\u2019ve only met a few worth talking too. I\u2019d be better off alone. I probably won\u2019t go back to reasoning with these #mnsfw users. I just can\u2019t care anymore, I h8 gen z women (  -_-) I am misogynist -x-"}], "includes": {"users": [{"verified": false, "username": "Ed98393112", "id": "872894149267046400", "name": "EdTheHostOfTheCHRISTIANLGBTIQANSafeSpace"}]}}