{"data": [{"source": "Twitter for iPhone", "id": "1439612081834233868", "public_metrics": {"retweet_count": 0, "reply_count": 0, "like_count": 0, "quote_count": 0}, "text": "Just noticed ZBH has a kaz double and a front 2 1/2\u2026vault final me thinks", "author_id": "1337832338080882690", "created_at": "2021-09-19T15:27:21.000Z"}], "includes": {"users": [{"username": "JordeomDohyun", "id": "1337832338080882690", "verified": false, "name": "Yeo Seojeong and Lee Yunseo\u2019s #1 Fan \ud83c\uddf0\ud83c\uddf7"}]}}