{"data": [{"created_at": "2021-09-19T15:23:51.000Z", "source": "Twitter for Android", "id": "1439611201030213633", "author_id": "545431017", "public_metrics": {"retweet_count": 0, "reply_count": 0, "like_count": 2, "quote_count": 0}, "text": "This was a very important win, i don't think other top teams will be much comfortable away at west ham, may even lose points. They are a very good side."}], "includes": {"users": [{"id": "545431017", "name": "atiqul ghani", "username": "AtiqulG", "verified": false}]}}