{"data": [{"text": "A M E R I C A\n         F I R S T\n      \ud83d\udcaf\ud83c\uddfa\ud83c\uddf8\ud83d\udcaf\nA M E R I C A N S \n                F I R S T\n              \ud83d\udcaf\ud83c\uddfa\ud83c\uddf8\ud83d\udcaf\nA M E R I C A\n         F I R S T\n      \ud83d\udcaf\ud83c\uddfa\ud83c\uddf8\ud83d\udcaf\nA M E R I C A N S \n                F I R S T\n              \ud83d\udcaf\ud83c\uddfa\ud83c\uddf8\ud83d\udcaf\nA M E R I C A\n         F I R S T\n      \ud83d\udcaf\ud83c\uddfa\ud83c\uddf8\ud83d\udcaf", "created_at": "2021-09-18T16:30:17.000Z", "public_metrics": {"retweet_count": 1, "reply_count": 0, "like_count": 1, "quote_count": 1}, "author_id": "1408482108851605511", "source": "Twitter Web App", "id": "1439265531635322888"}], "includes": {"users": [{"name": "\ud83d\udcaf\ud83c\uddfa\ud83c\uddf2\ud83d\udcaf Patriot John MagaRising", "username": "MagaRisingJohn", "id": "1408482108851605511", "verified": false}]}}