{"data": [{"public_metrics": {"retweet_count": 0, "reply_count": 0, "like_count": 0, "quote_count": 0}, "created_at": "2021-09-19T15:23:52.000Z", "id": "1439611205216309254", "source": "Twitter for iPhone", "text": "\"Representative Karen Bass must visit political prisoners in Kaliti to hear their testimonies and experiences. It is unethical to prioritize or accept Prosperity Party (PP) agenda/itinerary. Impartiality is essential. Do the right thing, @RepKarenBass!", "author_id": "1585735920"}], "includes": {"users": [{"name": "Gutu Dassawu Etana", "verified": false, "id": "1585735920", "username": "gutu_d_etana"}]}}