{"data": [{"public_metrics": {"retweet_count": 0, "reply_count": 1, "like_count": 0, "quote_count": 0}, "text": "Consistency is what we struggle with una, one game we're playing good games next one we're playing shite\nThen w go on a 8-9 games win streak then back to the other bs..\nIdk if it makes sense but it is what it is cba man i'm frustrated", "author_id": "1389725168654815232", "source": "Twitter for Android", "id": "1439264113981591558", "created_at": "2021-09-18T16:24:39.000Z"}], "includes": {"users": [{"username": "rm26mahrez", "verified": false, "id": "1389725168654815232", "name": "rm2\ufe0f\u20e36\ufe0f\u20e3"}]}}