{"data": [{"public_metrics": {"retweet_count": 0, "reply_count": 0, "like_count": 0, "quote_count": 0}, "author_id": "1035941312313339905", "created_at": "2021-09-19T15:23:54.000Z", "text": "We as Manchester united we need security now because we won  \ud83d\udcaa\n#WHUMUN\nLingard", "source": "Twitter for Android", "id": "1439611213592383492"}], "includes": {"users": [{"verified": false, "name": "Black_Beetle\ud83c\uddf0\ud83c\uddea\ud83c\uddf3\ud83c\uddff", "id": "1035941312313339905", "username": "Lexy_Score"}]}}