{"data": [{"public_metrics": {"retweet_count": 0, "reply_count": 0, "like_count": 0, "quote_count": 0}, "source": "Twitter for iPhone", "author_id": "1052521519635685376", "text": "i found a framed print of monet\u2019s work being given away for free. happy bday to me :3", "id": "1439265535825436677", "created_at": "2021-09-18T16:30:18.000Z"}], "includes": {"users": [{"id": "1052521519635685376", "name": "parmis \ud83e\uddd8\ud83c\udffb\u200d\u2640\ufe0f", "verified": false, "username": "_autumnbIues_"}]}}