{"data": [{"text": "Every struggle you had in your life shaped into the person you are today. Be thankful for the hard times they can only make you stronger.", "source": "Twitter for iPhone", "id": "1439264101386100740", "public_metrics": {"retweet_count": 0, "reply_count": 0, "like_count": 0, "quote_count": 0}, "author_id": "232789539", "created_at": "2021-09-18T16:24:36.000Z"}], "includes": {"users": [{"username": "79aAlmanna3i", "name": "\u062d\u0635\u0647 \u0628\u0646\u062a \u062d\u0645\u062f \u0627\u0644\u0645\u0646\u0627\u0639\u064a", "id": "232789539", "verified": false}]}}