{"data": [{"text": "But I also have said if I was a google.. I\u2019d take chrome as a vacuum to fuchsia once it was ready to compete with iOS with mvp feature parity of iOS and Android..", "source": "Twitter for iPhone", "id": "1439611192629153795", "public_metrics": {"retweet_count": 0, "reply_count": 0, "like_count": 0, "quote_count": 0}, "author_id": "45441444", "created_at": "2021-09-19T15:23:49.000Z"}], "includes": {"users": [{"username": "Andypants152", "name": "Andypants", "id": "45441444", "verified": false}]}}