{"data": [{"text": "WAYZENNI 2ND ANNIVERSARY\n\n#\u795d\u4f60\u751f\u65e5\u5feb\u6a02\u5a01\u73cd\u59ae \n#WayZenNi_2ndAnniversary\n#WayV @WayV_official", "id": "1439611205199429632", "public_metrics": {"retweet_count": 0, "reply_count": 0, "like_count": 0, "quote_count": 0}, "author_id": "1124658768346697730", "source": "Twitter for iPhone", "created_at": "2021-09-19T15:23:52.000Z"}], "includes": {"users": [{"name": "syil", "id": "1124658768346697730", "verified": false, "username": "jwoopage"}]}}