{"data": [{"public_metrics": {"retweet_count": 0, "reply_count": 0, "like_count": 0, "quote_count": 0}, "text": "OMG and Lord love a duck....I do not believe that they are have a\npro-insurrection rally on the Washington DC Mall right now....And probably none if them are wearing masks.\n\ud83e\udd2e\ud83e\udd2f\ud83e\udd2c\ud83e\udd2c\ud83e\udd2c\ud83e\udd2c\ud83e\udd2c", "author_id": "23138033", "source": "Twitter for Android", "id": "1439611188434849798", "created_at": "2021-09-19T15:23:48.000Z"}], "includes": {"users": [{"username": "NavyKid", "verified": false, "id": "23138033", "name": "Cece Casey"}]}}