{"data": [{"source": "Twitter Web App", "id": "1439611205216309257", "public_metrics": {"retweet_count": 0, "reply_count": 1, "like_count": 0, "quote_count": 0}, "text": "Data brokers do the business of collecting and selling data on people. In past, Facebook has done partnership with at least 6 different data brokers in 7 different countries for getting insights into their data.", "author_id": "2503290444", "created_at": "2021-09-19T15:23:52.000Z"}], "includes": {"users": [{"username": "Usman_skhan", "id": "2503290444", "verified": false, "name": "UsmanSK"}]}}