{"data": [{"text": "Want to land a job like \"Associate Director, Analytical Development, Pharmaceutical Development\" at Sage Therapeutics? Applicant tracking systems look for specific keywords. Use the right keywords and get your resume in front of the hiring manager.", "public_metrics": {"retweet_count": 0, "reply_count": 0, "like_count": 0, "quote_count": 0}, "id": "1439264097191796742", "created_at": "2021-09-18T16:24:35.000Z", "author_id": "128443516", "source": "CareerArc 2.0"}], "includes": {"users": [{"verified": false, "username": "tmj_MA_gensci", "name": "TMJ-MA Gen. Science", "id": "128443516"}]}}