{"data": [{"created_at": "2021-09-18T16:24:34.000Z", "source": "Twitter for iPhone", "id": "1439264092993228803", "author_id": "1176180729144905729", "public_metrics": {"retweet_count": 0, "reply_count": 4, "like_count": 5, "quote_count": 0}, "text": "I\u2019ve come to a realisation that City fans absolutely stink on this app. When we draw they act like we\u2019re getting relegated and it\u2019s worse when we lose."}], "includes": {"users": [{"id": "1176180729144905729", "name": ".", "username": "Zaks456", "verified": false}]}}