{"data": [{"author_id": "1276870911505821696", "source": "Twitter for Android", "text": "Make a regular routine of Meditation it will bring peace to you.\nYou will learn to control your thoughts and attain God's Blessings and grace besides remaining happy inside out.\n#HappinessMantra", "id": "1441038602377383936", "public_metrics": {"retweet_count": 0, "reply_count": 0, "like_count": 0, "quote_count": 0}, "created_at": "2021-09-23T13:55:50.000Z"}], "includes": {"users": [{"username": "MeetPapaKiPari4", "id": "1276870911505821696", "name": "Ramanjeet", "verified": false}]}}