{"data": [{"created_at": "2021-09-23T13:55:49.000Z", "author_id": "1353133987292721152", "text": "how did you prepare for The Feels? it was really hard to get the right pronunciation in english? how did you practice? brazil loves you! \ud83e\udd7a\ud83c\udde7\ud83c\uddf7 #AskTWICE", "public_metrics": {"retweet_count": 0, "reply_count": 0, "like_count": 0, "quote_count": 0}, "source": "Twitter for Android", "id": "1441038598153904128"}], "includes": {"users": [{"verified": false, "id": "1353133987292721152", "username": "hirairse", "name": "\u05b4\u05b6\u05b8"}]}}