{"data": [{"created_at": "2021-09-23T13:55:46.000Z", "public_metrics": {"retweet_count": 0, "reply_count": 0, "like_count": 1, "quote_count": 0}, "author_id": "1280464273085476864", "id": "1441038585579417601", "text": "Love and light cultists: \"You need to love everyone because we're all one\"\nMe: \"This should be easy enough to try\"\nAnti-vaxxers: *continuous stream of word garbage*", "source": "Twitter Web App"}], "includes": {"users": [{"id": "1280464273085476864", "username": "M9Scarlett", "name": "Melanie J. Scarlett (Ninetails CosmicFox)", "verified": false}]}}