{"data": [{"public_metrics": {"retweet_count": 0, "reply_count": 0, "like_count": 1, "quote_count": 0}, "source": "Twitter Web App", "author_id": "173473905", "created_at": "2021-09-23T13:55:44.000Z", "text": "Person A:Where did you go to college \nPerson B:Oxford \ud83d\ude0f\nPerson A: Oh, that is where Boris Johnson went right?\nPerson B:\ud83d\ude10\nPerson A: yeah yeah, the guy who talked about Kermit the Frog in front of the UN\nPerson B:\ud83d\ude12", "id": "1441038577207554048"}], "includes": {"users": [{"verified": false, "name": "Ray Minehane", "id": "173473905", "username": "RayMinehane"}]}}