{"data": [{"public_metrics": {"retweet_count": 0, "reply_count": 0, "like_count": 0, "quote_count": 0}, "source": "Cheap Bots, Done Quick!", "text": "She said it would have been easier if she had been blamed. She wanted to be punished. She was looking for a gentle, sure wound.", "author_id": "1381383367422312450", "created_at": "2021-09-23T13:55:53.000Z", "id": "1441038614960295942"}], "includes": {"users": [{"username": "svnbot", "id": "1381383367422312450", "verified": false, "name": "\ud83e\udec0"}]}}