{"data": [{"source": "Twitter for iPhone", "text": "I just want to take a moment to thank God for protecting my son. From the moment he entered this world God\u2019s hands have been on him and I pray it stays that way.", "created_at": "2021-09-23T13:56:01.000Z", "public_metrics": {"retweet_count": 1, "reply_count": 0, "like_count": 0, "quote_count": 0}, "id": "1441038648498081794", "author_id": "991771151075594240"}], "includes": {"users": [{"id": "991771151075594240", "name": "Blaque\ud83d\udda4", "username": "blaque_bae", "verified": false}]}}