{"data": [{"created_at": "2021-09-23T13:55:41.000Z", "public_metrics": {"retweet_count": 0, "reply_count": 11, "like_count": 0, "quote_count": 0}, "author_id": "1304690282382856193", "id": "1441038564599349256", "text": "(stolen)\n\nWhat vibe do i give off?  \n\n1 \ud83d\udc9b\ud83c\udf3b     2 \ud83d\udc97\ud83c\udf38     3 \ud83d\udc9a\ud83e\udd5d\n   \u2728\ud83d\udc25        \ud83d\udc37\ud83c\udf44        \ud83c\udf34\ud83c\udf43\n\n4 \ud83c\udf30\ud83e\udd65     5 \u2764\ufe0f\ud83c\udfb8     6 \ud83d\udc99\ud83c\udf0a\n   \ud83c\udf42\ud83d\udc3b        \ud83c\udfee\ud83c\udf52         \ud83c\udf03\ud83d\udc2c\n\n7 \ud83d\udda4\u26d3\ufe0f      8 \ud83d\udd4a\ud83c\udf65    9 \ud83d\udc9c\ud83c\udf47\n  \ud83d\udd17\ud83d\udcf7           \ud83d\udc7b\ud83e\udd5b       \u2614\ud83c\udf46", "source": "Twitter for Android"}], "includes": {"users": [{"id": "1304690282382856193", "username": "h_rrzh", "name": "ares.", "verified": false}]}}